ImageType,Url
CAT,https://proxy.duckduckgo.com/iu/?u=http%3A%2F%2Fi.dailymail.co.uk%2Fi%2Fpix%2F2015%2F06%2F15%2F23%2F29A5668100000578-0-I_m_feeling_happy_A_feline_holding_its_tail_up_tall_wants_you_to-m-17_1434407796578.jpg&f=1
CAT,https://proxy.duckduckgo.com/iu/?u=https%3A%2F%2Ftse3.mm.bing.net%2Fth%3Fid%3DOIP.egniWm3rZyk5TGLwegcp4QHaJZ%26pid%3DApi&f=1
CAT,https://proxy.duckduckgo.com/iu/?u=https%3A%2F%2Ftse4.mm.bing.net%2Fth%3Fid%3DOIP.NfMJhAUrOTdAZguonJ7tkgHaHa%26pid%3DApi&f=1
CAT,https://proxy.duckduckgo.com/iu/?u=https%3A%2F%2Fd17fnq9dkz9hgj.cloudfront.net%2Fuploads%2F2012%2F11%2F78489432-reading-cats-body-language-632x475.jpg&f=1
CAT,https://proxy.duckduckgo.com/iu/?u=https%3A%2F%2Ftse2.mm.bing.net%2Fth%3Fid%3DOIP.hxUSPXmBWmc7aUkgxdtskgHaFj%26pid%3DApi&f=1
CAT,https://proxy.duckduckgo.com/iu/?u=http%3A%2F%2Fcdn3-www.cattime.com%2Fassets%2Fuploads%2F2016%2F03%2Fcat-body-language.jpg&f=1
CAT,https://proxy.duckduckgo.com/iu/?u=https%3A%2F%2Ftse3.mm.bing.net%2Fth%3Fid%3DOIP.ckn5P_yax0pIKpouIggfkQHaE7%26pid%3DApi&f=1
CAT,https://proxy.duckduckgo.com/iu/?u=http%3A%2F%2Fcdn.shopify.com%2Fs%2Ffiles%2F1%2F0997%2F4496%2Ffiles%2FUntitled_design_14_1272f58b-860c-437e-94f5-b22ebb0a3f34_grande.jpg%3Fv%3D1507760525&f=1
CAT,https://proxy.duckduckgo.com/iu/?u=http%3A%2F%2Fwww.theultimatecatwebsite.com%2Fuploads%2F1%2F1%2F0%2F8%2F11083235%2F1407900_orig.jpg&f=1
CAT,https://foguth.files.wordpress.com/2014/11/somali-cat6.jpg
CAT,https://www.theepochtimes.com/assets/uploads/2013/10/cat-ears-shutterstock-135217784-WEBONLY.jpg
CAT,https://proxy.duckduckgo.com/iu/?u=http%3A%2F%2Fwww.cats.org.uk%2Fuploads%2Fimages%2Fpages%2FTail-in-air-web.jpg&f=1
CAT,https://proxy.duckduckgo.com/iu/?u=https%3A%2F%2Fwww.disktrend.com%2Fwp-content%2Fuploads%2F2016%2F12%2Fdomestic-longhair-kitten-tabby-600x572.jpg&f=1
CAT,http://www.cat-breeds-encyclopedia.com/images/Bengal-cat-full-body.jpg
CAT,https://proxy.duckduckgo.com/iu/?u=https%3A%2F%2Ffthmb.tqn.com%2Fp3HWU-j0aj1YPKcVBwFDEc7l_hw%3D%2F4628x3627%2Ffilters%3Afill(auto%2C1)%2Fsavannah-f6-shorthair-cat-538605863-5911fe343df78c9283bfa48f.jpg&f=1
CAT,https://proxy.duckduckgo.com/iu/?u=https%3A%2F%2Ftse3.mm.bing.net%2Fth%3Fid%3DOIP._A0saCC_jXfx8P98KNsElQHaE4%26pid%3DApi&f=1
CAT,https://proxy.duckduckgo.com/iu/?u=https%3A%2F%2Ftse2.mm.bing.net%2Fth%3Fid%3DOIP.ZdY1QYJs83QYD3X8NovC-gHaH9%26pid%3DApi&f=1
CAT,https://d20suvt5sog3wj.cloudfront.net/wp-content/uploads/2017/03/ourfriends4ever_cat_outdoor_city_nature_header.jpg?x10150
CAT,https://i0.wp.com/www.jennsblahblahblog.com/wp-content/uploads/2016/08/Twix-Eyes-750x1155.jpg?resize=750%2C1155
CAT,https://proxy.duckduckgo.com/iu/?u=https%3A%2F%2Ftse2.mm.bing.net%2Fth%3Fid%3DOIP.f7KTww4zhzqmiM1JGRFxtgHaE8%26pid%3DApi&f=1
CAT,https://proxy.duckduckgo.com/iu/?u=https%3A%2F%2Ftse1.mm.bing.net%2Fth%3Fid%3DOIP.PV94u-lAFsSWguusUWc8qgHaHa%26pid%3DApi&f=1
CAT,https://proxy.duckduckgo.com/iu/?u=https%3A%2F%2Ftse3.mm.bing.net%2Fth%3Fid%3DOIP.TSC_rHe8WJYarYNGxeMY8AHaGC%26pid%3DApi&f=1
CAT,https://proxy.duckduckgo.com/iu/?u=https%3A%2F%2Ftse4.mm.bing.net%2Fth%3Fid%3DOIP.tlLQITL9IwcX89hbHJtGsQHaEk%26pid%3DApi&f=1
CAT,https://blog.allpsych.com/wp-content/uploads/sites/2/2016/10/cat_body_language.jpg
CAT,https://proxy.duckduckgo.com/iu/?u=http%3A%2F%2Fd20suvt5sog3wj.cloudfront.net%2Fwp-content%2Fuploads%2F2017%2F01%2Fourfriends4ever_cat_body_language_tail-1.jpg%3Fx10150&f=1
CAT,https://proxy.duckduckgo.com/iu/?u=https%3A%2F%2Ftse2.mm.bing.net%2Fth%3Fid%3DOIP.dIWSfAwDIoEVi-APuJZIFQHaFj%26pid%3DApi&f=1
CAT,https://proxy.duckduckgo.com/iu/?u=https%3A%2F%2Ftse2.mm.bing.net%2Fth%3Fid%3DOIP.VDolDXAZDxNfA5uS4LSQqAHaFj%26pid%3DApi&f=1
CAT,https://proxy.duckduckgo.com/iu/?u=https%3A%2F%2Ftse2.mm.bing.net%2Fth%3Fid%3DOIP.jybwG2Pk26IIJ06807_bFAHaF7%26pid%3DApi&f=1
CAT,https://proxy.duckduckgo.com/iu/?u=https%3A%2F%2Fmoggyrescue.org%2Fwp-content%2Fuploads%2F2015%2F12%2FMoggy-adoptables-cat-1.jpg&f=1
CAT,https://proxy.duckduckgo.com/iu/?u=http%3A%2F%2Fimages.wisegeek.com%2Fyoung-calico-cat.jpg&f=1
CAT,https://proxy.duckduckgo.com/iu/?u=https%3A%2F%2Ftse2.mm.bing.net%2Fth%3Fid%3DOIP.Sbtp6DnO5KP7WVNuygzhZwHaFH%26pid%3DApi&f=1
CAT,https://proxy.duckduckgo.com/iu/?u=http%3A%2F%2Fwww.pngimg.com%2Fuploads%2Fcat%2Fcat_PNG113.png&f=1
CAT,https://proxy.duckduckgo.com/iu/?u=https%3A%2F%2Fi.pinimg.com%2F736x%2Fce%2F2b%2F59%2Fce2b593b90429988881615f663539722--bengal-cats-cat-breeds.jpg&f=1
CAT,https://proxy.duckduckgo.com/iu/?u=https%3A%2F%2Ftse4.mm.bing.net%2Fth%3Fid%3DOIP.8WTbbv4sKvpsFeztx398RAHaFj%26pid%3DApi&f=1
CAT,https://proxy.duckduckgo.com/iu/?u=https%3A%2F%2Ftse1.mm.bing.net%2Fth%3Fid%3DOIP.OR0Glr4M2akjYktLQ5QxXQHaJ4%26pid%3DApi&f=1
CAT,https://proxy.duckduckgo.com/iu/?u=https%3A%2F%2Ftse2.mm.bing.net%2Fth%3Fid%3DOIP.0qNli8Z6ksqnAN1XlYBxzgHaE8%26pid%3DApi&f=1
CAT,https://proxy.duckduckgo.com/iu/?u=https%3A%2F%2Ftse1.mm.bing.net%2Fth%3Fid%3DOIP.kf8iFXC0WZkd634nInYl5QHaFk%26pid%3DApi&f=1
CAT,https://proxy.duckduckgo.com/iu/?u=http%3A%2F%2F4.bp.blogspot.com%2F-ATHZWqtdwuA%2FTfyC5yGOW7I%2FAAAAAAAAFho%2FWrLXGJl5SQ4%2Fs1600%2Fcat_free_wallpapers.jpg&f=1
CAT,https://proxy.duckduckgo.com/iu/?u=https%3A%2F%2Ftse2.mm.bing.net%2Fth%3Fid%3DOIP.4jGV-LyqhfCYOf972l5BSgHaFj%26pid%3DApi&f=1
CAT,https://proxy.duckduckgo.com/iu/?u=https%3A%2F%2Ftse2.mm.bing.net%2Fth%3Fid%3DOIP.hcw3R4cyWISMcnFKuiwxaQHaFj%26pid%3DApi&f=1
CAT,https://proxy.duckduckgo.com/iu/?u=https%3A%2F%2Fstatic.boredpanda.com%2Fblog%2Fwp-content%2Fuploads%2F2018%2F01%2FAn-artist-working-in-realistic-miniature-cat-statue-5a698b425e659__880.jpg&f=1
CAT,https://proxy.duckduckgo.com/iu/?u=https%3A%2F%2Ftse4.mm.bing.net%2Fth%3Fid%3DOIP.wgMPEKRcBAte_9uHmU4UxAHaFS%26pid%3DApi&f=1
CAT,https://proxy.duckduckgo.com/iu/?u=http%3A%2F%2F4.bp.blogspot.com%2F-XkviAtJ1s6Q%2FT3YFb2RUhDI%2FAAAAAAAAAVQ%2FEHomLZlFMKo%2Fs1600%2Fsmall%2Bcat.jpg&f=1
CAT,https://proxy.duckduckgo.com/iu/?u=https%3A%2F%2Fi0.wp.com%2Fwww.jennsblahblahblog.com%2Fwp-content%2Fuploads%2F2016%2F08%2FTwix-Eyes-750x1155.jpg%3Fresize%3D750%252C1155&f=1
CAT,https://proxy.duckduckgo.com/iu/?u=https%3A%2F%2Ftse2.mm.bing.net%2Fth%3Fid%3DOIP.Qh2DcgZ6S7ipTlSX71O8lAHaHa%26pid%3DApi&f=1
CAT,https://proxy.duckduckgo.com/iu/?u=https%3A%2F%2Ftse1.mm.bing.net%2Fth%3Fid%3DOIP.hVU1fZNOmORRk-IEBEsZIwHaE9%26pid%3DApi&f=1
CAT,https://proxy.duckduckgo.com/iu/?u=https%3A%2F%2Ftse2.mm.bing.net%2Fth%3Fid%3DOIP.25KzezZ9dX1g3RuLrRiRowHaHa%26pid%3DApi&f=1
CAT,https://proxy.duckduckgo.com/iu/?u=https%3A%2F%2Ftse2.mm.bing.net%2Fth%3Fid%3DOIP.8w9-Q6kW1lqblQDoUK847AHaFj%26pid%3DApi&f=1
CAT,https://proxy.duckduckgo.com/iu/?u=https%3A%2F%2Fpbs.twimg.com%2Fmedia%2FC_Wk6lcVoAAhJ2k.jpg&f=1
NOT_CAT,https://proxy.duckduckgo.com/iu/?u=https%3A%2F%2Ftse2.mm.bing.net%2Fth%3Fid%3DOIP.0dxgz3dCA3_naRZ1ciswnwHaHa%26pid%3DApi&f=1
NOT_CAT,https://proxy.duckduckgo.com/iu/?u=https%3A%2F%2Ftse1.mm.bing.net%2Fth%3Fid%3DOIP.1q7khveYpZdBhOqR1YqCDAHaFj%26pid%3DApi&f=1
NOT_CAT,https://proxy.duckduckgo.com/iu/?u=https%3A%2F%2Ftse3.mm.bing.net%2Fth%3Fid%3DOIP.hQNEo89LqUCnSl9TFCbHPgHaEK%26pid%3DApi&f=1
NOT_CAT,https://proxy.duckduckgo.com/iu/?u=https%3A%2F%2Ftse3.mm.bing.net%2Fth%3Fid%3DOIP.7dXxiTpHFNm6kKMDdZbUbQHaHW%26pid%3DApi&f=1
NOT_CAT,https://proxy.duckduckgo.com/iu/?u=https%3A%2F%2Ftse1.mm.bing.net%2Fth%3Fid%3DOIP.PQWi4xmtM8hn1x0eEO6rcQHaEK%26pid%3DApi&f=1
NOT_CAT,https://proxy.duckduckgo.com/iu/?u=https%3A%2F%2Fyt3.ggpht.com%2Fa-%2FACSszfGxjQ2zoNjyn0zAtB4SZGHo0eBjQ_tbSO4Xaw%3Ds900-mo-c-c0xffffffff-rj-k-no&f=1
NOT_CAT,https://proxy.duckduckgo.com/iu/?u=https%3A%2F%2Ftse3.mm.bing.net%2Fth%3Fid%3DOIP.dMCbIK7qt_Ju7M08yaY4zwHaE6%26pid%3DApi&f=1
NOT_CAT,https://proxy.duckduckgo.com/iu/?u=https%3A%2F%2Fic.c4assets.com%2Fbips%2Frandom-acts%2Fhomepage%2F17e45cc1-b50f-458f-a0e7-d452bd53c80a.jpg%3Finterpolation%3Dprogressive-bicubic%26output-quality%3D90&f=1
NOT_CAT,https://proxy.duckduckgo.com/iu/?u=https%3A%2F%2Fckinknoazoro.files.wordpress.com%2F2011%2F06%2Frandom.jpg&f=1
NOT_CAT,https://proxy.duckduckgo.com/iu/?u=https%3A%2F%2Ftse3.mm.bing.net%2Fth%3Fid%3DOIP.iO1z1VFFvrdch61SyDeiCwHaHa%26pid%3DApi&f=1
NOT_CAT,https://proxy.duckduckgo.com/iu/?u=https%3A%2F%2Ftse1.mm.bing.net%2Fth%3Fid%3DOIP.gkQG9XJSSuDtVhqMMaVwpAHaEt%26pid%3DApi&f=1
NOT_CAT,https://proxy.duckduckgo.com/iu/?u=https%3A%2F%2Ftse3.mm.bing.net%2Fth%3Fid%3DOIP.AopT0Srupbn6UmPYl27zVAHaEK%26pid%3DApi&f=1
NOT_CAT,https://proxy.duckduckgo.com/iu/?u=https%3A%2F%2Ftse4.mm.bing.net%2Fth%3Fid%3DOIP.R2FelEir53Uss1gV3p7Y2AHaEK%26pid%3DApi&f=1
NOT_CAT,https://proxy.duckduckgo.com/iu/?u=https%3A%2F%2Fwww.vitamin-ha.com%2Fwp-content%2Fuploads%2F2014%2F04%2FVH-Random-duckhourse.jpg&f=1
NOT_CAT,https://proxy.duckduckgo.com/iu/?u=https%3A%2F%2Fwww.wikihow.com%2Fimages%2Fthumb%2F2%2F23%2F46489-1.jpg%2Faid46489-v4-728px-46489-1.jpg&f=1
NOT_CAT,https://proxy.duckduckgo.com/iu/?u=https%3A%2F%2Fi.pinimg.com%2Foriginals%2F04%2F6a%2F65%2F046a654edfb34fd1edbb39cc5be5af52.jpg&f=1
NOT_CAT,https://proxy.duckduckgo.com/iu/?u=https%3A%2F%2Ftse3.mm.bing.net%2Fth%3Fid%3DOIP.TBdle_o4BAMp491xvjHapwHaEK%26pid%3DApi&f=1
NOT_CAT,https://proxy.duckduckgo.com/iu/?u=https%3A%2F%2Ftse2.mm.bing.net%2Fth%3Fid%3DOIP.dZN3jxfwPCojUP0pJOIIZwHaFM%26pid%3DApi&f=1
NOT_CAT,https://proxy.duckduckgo.com/iu/?u=https%3A%2F%2Ftse3.mm.bing.net%2Fth%3Fid%3DOIP.h-7FoBGcVVxWFekBg8HG6gHaEo%26pid%3DApi&f=1
NOT_CAT,https://proxy.duckduckgo.com/iu/?u=https%3A%2F%2Ftse3.mm.bing.net%2Fth%3Fid%3DOIP.-AdA8o4TPHzbMbCasz_t9wHaEo%26pid%3DApi&f=1
NOT_CAT,https://proxy.duckduckgo.com/iu/?u=https%3A%2F%2Ftse1.mm.bing.net%2Fth%3Fid%3DOIP.em2A4-bKKCgmLzWlF56-TQHaLL%26pid%3DApi&f=1
NOT_CAT,https://proxy.duckduckgo.com/iu/?u=https%3A%2F%2Fs26552.pcdn.co%2Fwp-content%2Fuploads%2F2018%2F03%2Fdc_neighborhood_news-13.jpg&f=1
NOT_CAT,https://proxy.duckduckgo.com/iu/?u=http%3A%2F%2F4.bp.blogspot.com%2F-oXWQuT2heFI%2FT9xhTutLFiI%2FAAAAAAAAClQ%2FGYZllTCyGQs%2Fs1600%2Frandom-pics.jpg&f=1
NOT_CAT,https://proxy.duckduckgo.com/iu/?u=https%3A%2F%2Ftse3.mm.bing.net%2Fth%3Fid%3DOIP.DRoujJT32QKxY0CjXVH9bwHaKc%26pid%3DApi&f=1
NOT_CAT,https://proxy.duckduckgo.com/iu/?u=https%3A%2F%2Ftse3.mm.bing.net%2Fth%3Fid%3DOIP.jbZewAzsmqJNkxkbEITgEgHaEK%26pid%3DApi&f=1
NOT_CAT,https://proxy.duckduckgo.com/iu/?u=https%3A%2F%2Ftse3.mm.bing.net%2Fth%3Fid%3DOIP.7G9NY-57tS0MW3Pf9q6ACAHaHa%26pid%3DApi&f=1
NOT_CAT,https://proxy.duckduckgo.com/iu/?u=https%3A%2F%2Facidcow.com%2Fpics%2F20130722%2Frandom_cute_girls_07.jpg&f=1
NOT_CAT,https://proxy.duckduckgo.com/iu/?u=https%3A%2F%2Ftse2.mm.bing.net%2Fth%3Fid%3DOIP.q6Ob0IOpndBTuE1dr9eGEADZEf%26pid%3DApi&f=1
NOT_CAT,https://proxy.duckduckgo.com/iu/?u=http%3A%2F%2Fwww.dumpaday.com%2Fwp-content%2Fuploads%2F2017%2F01%2Frandom-pictures-116.jpg&f=1
NOT_CAT,https://proxy.duckduckgo.com/iu/?u=https%3A%2F%2Ftse2.mm.bing.net%2Fth%3Fid%3DOIP.q3Dl1cWRUq0eHNnHNX1UHgAAAA%26pid%3DApi&f=1
NOT_CAT,https://proxy.duckduckgo.com/iu/?u=https%3A%2F%2Facidcow.com%2Fpics%2F20140204%2Frandom_cute_girls_50.jpg&f=1
NOT_CAT,https://proxy.duckduckgo.com/iu/?u=https%3A%2F%2Ftse1.mm.bing.net%2Fth%3Fid%3DOIP.6I9gdJ9bs1gB9D-PoAW88wHaFZ%26pid%3DApi&f=1
NOT_CAT,https://proxy.duckduckgo.com/iu/?u=https%3A%2F%2Facidcow.com%2Fpics%2F20130205%2Fnice_girls_30.jpg&f=1
NOT_CAT,https://proxy.duckduckgo.com/iu/?u=https%3A%2F%2Ftse4.mm.bing.net%2Fth%3Fid%3DOIP.n8pLFXF0jZpZR33cr51xfwHaLH%26pid%3DApi&f=1
NOT_CAT,https://proxy.duckduckgo.com/iu/?u=https%3A%2F%2Fwww.randomlists.com%2Fimg%2Fanimals%2Fmusk_deer.jpg&f=1
NOT_CAT,https://proxy.duckduckgo.com/iu/?u=https%3A%2F%2Fis5-ssl.mzstatic.com%2Fimage%2Fthumb%2FPurple60%2Fv4%2F93%2F9e%2F82%2F939e82b8-81e7-3b2b-2c3c-ce63d4bdec3c%2Fsource%2F512x512bb.jpg&f=1
NOT_CAT,https://proxy.duckduckgo.com/iu/?u=https%3A%2F%2Ftse1.mm.bing.net%2Fth%3Fid%3DOIP.uR3KgRq-sJayRblSz7i40QHaLF%26pid%3DApi&f=1
NOT_CAT,https://proxy.duckduckgo.com/iu/?u=https%3A%2F%2Ftse4.mm.bing.net%2Fth%3Fid%3DOIP.nhr1axI4z9DGuMafgmEaDAAAAA%26pid%3DApi&f=1
NOT_CAT,https://proxy.duckduckgo.com/iu/?u=https%3A%2F%2Ftse1.mm.bing.net%2Fth%3Fid%3DOIP.7B0N_2liUGLJLzL_AIijIAHaEK%26pid%3DApi&f=1
NOT_CAT,https://proxy.duckduckgo.com/iu/?u=https%3A%2F%2Ftse3.mm.bing.net%2Fth%3Fid%3DOIP.8UEyqLU44mv1Uh__Z8a0AwHaIi%26pid%3DApi&f=1
NOT_CAT,https://proxy.duckduckgo.com/iu/?u=http%3A%2F%2Facidcow.com%2Fpics%2F20130122%2Fnice_girls_11.jpg&f=1
NOT_CAT,https://proxy.duckduckgo.com/iu/?u=https%3A%2F%2Ftse3.mm.bing.net%2Fth%3Fid%3DOIP.-KzcXv_OBMN0JHaFzLb2IgHaHn%26pid%3DApi&f=1
NOT_CAT,https://proxy.duckduckgo.com/iu/?u=https%3A%2F%2Ftse2.mm.bing.net%2Fth%3Fid%3DOIP.B5KOZPfvka0ieGkoddhMIQHaJ-%26pid%3DApi&f=1
NOT_CAT,https://proxy.duckduckgo.com/iu/?u=https%3A%2F%2Fpbs.twimg.com%2Fprofile_images%2F765831702463729668%2FWqvCiP3S.jpg&f=1
NOT_CAT,https://proxy.duckduckgo.com/iu/?u=https%3A%2F%2Ftse4.mm.bing.net%2Fth%3Fid%3DOIP.zGwtaUzZb0rk810cRZao3AHaK0%26pid%3DApi&f=1
NOT_CAT,https://proxy.duckduckgo.com/iu/?u=https%3A%2F%2Ftse2.mm.bing.net%2Fth%3Fid%3DOIP.A1JOKFWR-p5Fvr98FqQpwwHaFj%26pid%3DApi&f=1
NOT_CAT,https://proxy.duckduckgo.com/iu/?u=https%3A%2F%2Ftse4.mm.bing.net%2Fth%3Fid%3DOIP.6AIro74eHFQkae6UK1e8vwHaFj%26pid%3DApi&f=1
NOT_CAT,https://proxy.duckduckgo.com/iu/?u=http%3A%2F%2Fimg.izismile.com%2Fimg%2Fimg3%2F20100428%2F640%2Fshe_makes_random_640_16.jpg&f=1
NOT_CAT,https://proxy.duckduckgo.com/iu/?u=https%3A%2F%2Ftse4.mm.bing.net%2Fth%3Fid%3DOIP.vbPVUr4jNB64L4BvojZZIgHaFj%26pid%3DApi&f=1
NOT_CAT,https://proxy.duckduckgo.com/iu/?u=https%3A%2F%2Ftse2.mm.bing.net%2Fth%3Fid%3DOIP.NKPMC_ZZG7cfPIIlLwKAjgHaD7%26pid%3DApi&f=1
CAT,https://images.pexels.com/photos/259803/pexels-photo-259803.jpeg?cs=srgb&dl=adorable-animal-animal-photography-259803.jpg&fm=jpg
CAT,https://images.unsplash.com/photo-1532386236358-a33d8a9434e3?ixlib=rb-1.2.1&ixid=eyJhcHBfaWQiOjEyMDd9&w=1000&q=80
CAT,https://images.unsplash.com/photo-1518791841217-8f162f1e1131?ixlib=rb-1.2.1&ixid=eyJhcHBfaWQiOjEyMDd9&w=1000&q=80
CAT,https://cdn.pixabay.com/photo/2014/11/30/14/11/kitty-551554__340.jpg
CAT,https://images.pexels.com/photos/617278/pexels-photo-617278.jpeg?auto=compress&cs=tinysrgb&dpr=1&w=500
CAT,https://cdn.pixabay.com/photo/2017/02/20/18/03/cat-2083492_960_720.jpg
CAT,https://cdn.pixabay.com/photo/2015/11/16/14/43/cat-1045782_960_720.jpg
CAT,https://img.purch.com/w/660/aHR0cDovL3d3dy5saXZlc2NpZW5jZS5jb20vaW1hZ2VzL2kvMDAwLzEwNC84MTkvb3JpZ2luYWwvY3V0ZS1raXR0ZW4uanBn
CAT,https://upload.wikimedia.org/wikipedia/commons/6/66/An_up-close_picture_of_a_curious_male_domestic_shorthair_tabby_cat.jpg
CAT,https://img.purch.com/w/660/aHR0cDovL3d3dy5saXZlc2NpZW5jZS5jb20vaW1hZ2VzL2kvMDAwLzEwNC84MzAvb3JpZ2luYWwvc2h1dHRlcnN0b2NrXzExMTA1NzIxNTkuanBn
CAT,https://d17fnq9dkz9hgj.cloudfront.net/uploads/2012/11/152964589-welcome-home-new-cat-632x475.jpg
CAT,https://media.mnn.com/assets/images/2018/07/cat_one_eye_open.jpg.838x0_q80.jpg
CAT,https://news.nationalgeographic.com/content/dam/news/2018/05/17/you-can-train-your-cat/02-cat-training-NationalGeographic_1484324.ngsversion.1526587209178.adapt.1900.1.jpg
CAT,https://media.boingboing.net/wp-content/uploads/2019/02/cats.jpg
CAT,https://static.boredpanda.com/blog/wp-content/uploads/2016/09/fb_thumb_57cd28dd5b0f4.jpg
CAT,https://pbs.twimg.com/profile_images/963513239521890305/HxpnoFec_400x400.jpg
CAT,https://static.boredpanda.com/blog/wp-content/uploads/2018/04/5acb63d83493f__700-png.jpg
CAT,http://www.mypet.com/img/basic-pet-care/how-long-leave-cat-alone-lead.jpg
CAT,https://cdn.thewirecutter.com/wp-content/uploads/2018/07/catadoption-lowres-06052-2x1-1.jpg
CAT,https://images.immediate.co.uk/production/volatile/sites/4/2018/08/iStock_000044061370_Medium-fa5f8aa.jpg?quality=45&crop=5px,17px,929px,400px&resize=960,413
CAT,https://www.petmd.com/sites/default/files/the-cat-which-sleeps-picture-id596060186.jpg
CAT,https://d17fnq9dkz9hgj.cloudfront.net/uploads/2012/11/101438745-cat-conjunctivitis-causes.jpg
CAT,http://www.petsexperience.com/wp-content/uploads/2018/05/What-Are-Hybrid-Cat-Breeds.jpg
CAT,https://media.mnn.com/assets/images/2018/07/cat_eating_fancy_ice_cream.jpg.1080x0_q100_crop-scale.jpg
CAT,https://www.humanesociety.org/sites/default/files/styles/768x326/public/2018/08/kitten-440379.jpg?h=f6a7b1af&itok=vU0J0uZR
CAT,https://cdn.thewirecutter.com/wp-content/uploads/2018/06/cataccessories-lowres-2x1-05916.jpg
CAT,https://www.rspcasa.org.au/wp-content/uploads/2019/01/Adopt-a-cat-or-kitten-from-RSPCA.jpg
CAT,https://www.thesprucepets.com/thmb/P-jPZr0bppRste9H6OktahDQapE=/450x0/filters:no_upscale():max_bytes(150000):strip_icc()/Stocksy_txpba7ef914jvq100_Medium_1493631-5a8ef3d404d1cf003616d6f3.jpg
CAT,https://www.purina.com/sites/g/files/auxxlc196/files/Abyssinian_body_7.jpg
CAT,https://cdn8.bigcommerce.com/s-rj0z9yqukq/images/stencil/original/uploaded_images/sayslove.jpg?t=1518480203
CAT,https://cdn-images-1.medium.com/max/1600/1*mONNI1lG9VuiqovpnYqicA.jpeg
CAT,https://timedotcom.files.wordpress.com/2018/08/new-zealand-cat-ban.jpg
CAT,http://www.petsworld.in/blog/wp-content/uploads/2014/09/adorable-cat.jpg
CAT,https://cdn.pixabay.com/photo/2016/11/24/12/55/kitten-1856134_960_720.jpg
CAT,https://images2.minutemediacdn.com/image/upload/c_fill,g_auto,h_1248,w_2220/f_auto,q_auto,w_1100/v1555319890/shape/mentalfloss/munchkinhed.png
CAT,https://www.usmagazine.com/wp-content/uploads/2018/06/Smoothie-the-Cat-Instagram-zoom.jpg
CAT,http://www.catcafelounge.com/uploads/8/0/8/6/80861148/img-2651-2_4_orig.jpg
CAT,http://www.sactownmag.com/Blog/2018/The-Pawrlor-cat-cafe-Davis/ThePawrlor-PhotobyDavidSuh.jpg
CAT,https://ichef.bbci.co.uk/images/ic/720x405/p0517py6.jpg
CAT,https://cdn.frommfamily.com/media/1546/products-hero-cat-gold.jpg
CAT,https://i.ytimg.com/vi/vO1WMTYFhRg/maxresdefault.jpg
CAT,http://www.petsworld.in/blog/wp-content/uploads/2014/09/cat.jpg
CAT,https://www.humanesociety.org/sites/default/files/styles/400x400/public/2018/06/cat-217679.jpg?h=c4ed616d&itok=H0FcH69a
CAT,https://cdn.shopify.com/s/files/1/3004/1474/t/10/assets/large_cat_800x.png?116
CAT,https://res.cloudinary.com/petrescue/image/upload/ar_1:1,c_fill,dpr_auto,f_auto,fl_lossy,g_face,q_auto,w_auto:100:500/v1556787472/eqj8uekg8qnfudvjgccq.jpg
CAT,https://peopledotcom.files.wordpress.com/2017/04/most-expensive-cats-10.jpg
CAT,https://kittenrescue.org/wp-content/uploads/2017/03/KittenRescue_WelcomingYourCatHome.jpg
CAT,https://halopets.com/sites/default/files/2017-07/hp_caticon_kitten_adobe_84509847_crop.jpg
CAT,https://www.purina.com.au/-/media/Project/Purina/Article-Images/Cat/Mobile/Balinese-Mobile.jpg?h=392&la=en&w=640&hash=7BF7833F308ED3A563174FA0A68CA230
CAT,https://images.pexels.com/photos/20787/pexels-photo.jpg?cs=srgb&dl=adorable-animal-cat-20787.jpg&fm=jpg
NOT_CAT,https://proxy.duckduckgo.com/iu/?u=https%3A%2F%2Ftse1.mm.bing.net%2Fth%3Fid%3DOIP.3plW0T40GDUc9S7OFh4EQQAAAA%26pid%3DApi&f=1
NOT_CAT,https://proxy.duckduckgo.com/iu/?u=https%3A%2F%2Fcdn-images-1.medium.com%2Fmax%2F1600%2F1*t_G1kZwKv0p2arQCgYG7IQ.gif&f=1
NOT_CAT,https://proxy.duckduckgo.com/iu/?u=https%3A%2F%2Fckinknoazoro.files.wordpress.com%2F2011%2F06%2Frandom.jpg&f=1
NOT_CAT,https://proxy.duckduckgo.com/iu/?u=https%3A%2F%2Ftse1.mm.bing.net%2Fth%3Fid%3DOIP.5uSLvWTKIvyTj1XHy1wK0QHaE7%26pid%3DApi&f=1
NOT_CAT,https://proxy.duckduckgo.com/iu/?u=https%3A%2F%2Ftse2.mm.bing.net%2Fth%3Fid%3DOIP.QFL0jUaAOEWL9D8Eae8ztAHaHb%26pid%3DApi&f=1
CAT,https://proxy.duckduckgo.com/iu/?u=https%3A%2F%2Ftse1.mm.bing.net%2Fth%3Fid%3DOIP.3Pp66Yfp-ZgBFMzZDYbRCQHaHS%26pid%3DApi&f=1
NOT_CAT,https://www.thecandidforum.com/attachments/335453d1373321068-wp_20130708_092.jpg
NOT_CAT,https://proxy.duckduckgo.com/iu/?u=https%3A%2F%2Ftse2.mm.bing.net%2Fth%3Fid%3DOIP.UoU1lhyBOraf6o7ZzHgh9wHaFj%26pid%3DApi&f=1
NOT_CAT,https://proxy.duckduckgo.com/iu/?u=https%3A%2F%2Ftse3.mm.bing.net%2Fth%3Fid%3DOIP.WXHmmLTB67RtTXnaMQQdCwHaFC%26pid%3DApi&f=1
NOT_CAT,https://proxy.duckduckgo.com/iu/?u=http%3A%2F%2F4.bp.blogspot.com%2F_Dibv9qL0Zwc%2FTIpXBxQEQxI%2FAAAAAAAAAPw%2FXf8kQd_H_Zw%2Fs1600%2FDSCN0536.JPG&f=1
NOT_CAT,https://proxy.duckduckgo.com/iu/?u=https%3A%2F%2Ftse1.mm.bing.net%2Fth%3Fid%3DOIP.-U1XmH_nNt5lACBZf6uWhQHaEo%26pid%3DApi&f=1
NOT_CAT,https://proxy.duckduckgo.com/iu/?u=https%3A%2F%2Fwww.pixelstalk.net%2Fwp-content%2Fuploads%2F2016%2F08%2FFunny-Random-Wallpaper-1.jpg&f=1
NOT_CAT,https://proxy.duckduckgo.com/iu/?u=http%3A%2F%2Fwww.rume.co.uk%2Fmedia%2Fcatalog%2Fproduct%2Fcache%2F1%2Fimage%2F0dc2d03fe217f8c83829496872af24a0%2Fm%2Fo%2Fmoooi-random-light-black-cl_1.jpg&f=1
NOT_CAT,https://proxy.duckduckgo.com/iu/?u=https%3A%2F%2Ftse1.mm.bing.net%2Fth%3Fid%3DOIP.vRKtlwad-RAi4cbu2VXKqwHaE7%26pid%3DApi&f=1
NOT_CAT,https://proxy.duckduckgo.com/iu/?u=https%3A%2F%2Fsomuchtoseesomuchtodo.files.wordpress.com%2F2011%2F09%2Fold-lady.jpg&f=1
NOT_CAT,https://proxy.duckduckgo.com/iu/?u=https%3A%2F%2Fmedia.gtanet.com%2Fimages%2F5455-gta-iv-random-character.jpg&f=1
NOT_CAT,https://proxy.duckduckgo.com/iu/?u=http%3A%2F%2F4.bp.blogspot.com%2F-hOXSxwPfZMc%2FTlYLlI6YmTI%2FAAAAAAAABWk%2F9pV8JJT4UKw%2Fs1600%2FGirl%2Bin%2BBookstore.jpg&f=1
NOT_CAT,https://proxy.duckduckgo.com/iu/?u=https%3A%2F%2Ftse4.mm.bing.net%2Fth%3Fid%3DOIP.UIUjy_vRHW5dyQfjhZGitwHaFl%26pid%3DApi&f=1
NOT_CAT,https://proxy.duckduckgo.com/iu/?u=http%3A%2F%2Fimages2.fanpop.com%2Fimages%2Fphotos%2F6000000%2FRandom-random-6054526-1280-1024.jpg&f=1
NOT_CAT,https://proxy.duckduckgo.com/iu/?u=https%3A%2F%2Ftse4.mm.bing.net%2Fth%3Fid%3DOIP.LPBMHO4P8pXRvtV3tELxrQHaLI%26pid%3DApi&f=1
NOT_CAT,https://proxy.duckduckgo.com/iu/?u=https%3A%2F%2Fupload.wikimedia.org%2Fwikipedia%2Fcommons%2Fthumb%2F8%2F8c%2FRandom_House_of_Canada_office.jpg%2F1200px-Random_House_of_Canada_office.jpg&f=1
NOT_CAT,https://proxy.duckduckgo.com/iu/?u=https%3A%2F%2Fwww.lmodernlighting.com%2Fmedia%2Fcatalog%2Fproduct%2Fcache%2F1%2Fimage%2F1200x1200%2F2ff1ac461af4f8f4afd61dffad87fdb3%2Fm%2Fo%2Fmoooi_random_pendant_light09_1.jpg&f=1
NOT_CAT,https://proxy.duckduckgo.com/iu/?u=http%3A%2F%2F2.bp.blogspot.com%2F-xuSAHgCFhKY%2FUNsDlyawXRI%2FAAAAAAABB_0%2FSgr_Kd9B4rw%2Fs1600%2FFun%2Bfacts%2B0013.jpg&f=1
NOT_CAT,https://proxy.duckduckgo.com/iu/?u=http%3A%2F%2Fofad.org%2Ffiles%2Fdaily-photo%2Frecent-portraits-random-people-in-random-places_2.jpg&f=1
NOT_CAT,https://proxy.duckduckgo.com/iu/?u=https%3A%2F%2Ftse3.mm.bing.net%2Fth%3Fid%3DOIP.Ev2TEwl56wybo_aziUvKbQHaLF%26pid%3DApi&f=1
NOT_CAT,https://proxy.duckduckgo.com/iu/?u=https%3A%2F%2Ftse2.mm.bing.net%2Fth%3Fid%3DOIP.TXVPKSq_kW8cmR8652vR4AHaEK%26pid%3DApi&f=1
NOT_CAT,https://proxy.duckduckgo.com/iu/?u=https%3A%2F%2Ftse4.mm.bing.net%2Fth%3Fid%3DOIP.71Shl_BThkozIRWFrKtK-AHaLH%26pid%3DApi&f=1
NOT_CAT,https://proxy.duckduckgo.com/iu/?u=https%3A%2F%2Ftse1.mm.bing.net%2Fth%3Fid%3DOIP.glvtAYoBEUng4ZjKp24q-AHaNL%26pid%3DApi&f=1
NOT_CAT,https://proxy.duckduckgo.com/iu/?u=https%3A%2F%2Fmissnicselegantedge.files.wordpress.com%2F2011%2F02%2Fkellsbday2.jpg&f=1
NOT_CAT,https://proxy.duckduckgo.com/iu/?u=https%3A%2F%2Ftse1.mm.bing.net%2Fth%3Fid%3DOIP._-wT3CXG6fwgyYtg8GTSgQHaJ4%26pid%3DApi&f=1
NOT_CAT,https://proxy.duckduckgo.com/iu/?u=http%3A%2F%2Fwww.fm-base.co.uk%2Fforum%2Fattachments%2Ffootball-manager-2012-discussion%2F221755d1328572302-funny-random-things-fm2012-handball.jpg&f=1
NOT_CAT,https://proxy.duckduckgo.com/iu/?u=http%3A%2F%2Fwww.turingfinance.com%2Fwp-content%2Fuploads%2F2015%2F09%2FSIN-Function.png&f=1
NOT_CAT,https://proxy.duckduckgo.com/iu/?u=https%3A%2F%2Ftse3.mm.bing.net%2Fth%3Fid%3DOIP.sRVsg-nykiWk1xWr8by28gHaFj%26pid%3DApi&f=1
NOT_CAT,https://proxy.duckduckgo.com/iu/?u=https%3A%2F%2Fwww.pixelstalk.net%2Fwp-content%2Fuploads%2F2016%2F08%2FCool-Random-Wallpaper.jpg&f=1
NOT_CAT,https://proxy.duckduckgo.com/iu/?u=http%3A%2F%2F3.bp.blogspot.com%2F_h0GJRWHUFZw%2FTUGhvn615iI%2FAAAAAAAABg8%2FtBltUc0tNws%2Fs1600%2F3D-Wallpapers.jpg&f=1
NOT_CAT,https://proxy.duckduckgo.com/iu/?u=https%3A%2F%2Ftse2.mm.bing.net%2Fth%3Fid%3DOIP.v3cMvt99tjBQzG3v4hg7FwHaE8%26pid%3DApi&f=1
NOT_CAT,https://proxy.duckduckgo.com/iu/?u=https%3A%2F%2Ftse2.mm.bing.net%2Fth%3Fid%3DOIP.GpmlYKiPUiIksJ5ba0YawgHaFj%26pid%3DApi&f=1
NOT_CAT,https://proxy.duckduckgo.com/iu/?u=https%3A%2F%2Ftse4.mm.bing.net%2Fth%3Fid%3DOIP.27vwLGW7igm1j1MOwZZDFAHaFL%26pid%3DApi&f=1
NOT_CAT,https://proxy.duckduckgo.com/iu/?u=https%3A%2F%2Ftse3.mm.bing.net%2Fth%3Fid%3DOIP.bpk_kDzVpSp8qTKAQF3_tQHaEK%26pid%3DApi&f=1
NOT_CAT,https://proxy.duckduckgo.com/iu/?u=https%3A%2F%2Ftse3.mm.bing.net%2Fth%3Fid%3DOIP.sEKXBFMprNxgLnJDTPjHCAHaGq%26pid%3DApi&f=1
NOT_CAT,https://proxy.duckduckgo.com/iu/?u=https%3A%2F%2Ftse1.mm.bing.net%2Fth%3Fid%3DOIP.9_3DOOg_tdboHh6o2sdyTgHaHg%26pid%3DApi&f=1
NOT_CAT,https://proxy.duckduckgo.com/iu/?u=https%3A%2F%2Ftse4.mm.bing.net%2Fth%3Fid%3DOIP.gNuzrU9AAbaHffxogfng_QHaKc%26pid%3DApi&f=1
NOT_CAT,https://proxy.duckduckgo.com/iu/?u=https%3A%2F%2Ftse3.mm.bing.net%2Fth%3Fid%3DOIP.m5PGUcJScm8SKDfbf-Ka5wHaGW%26pid%3DApi&f=1
NOT_CAT,https://proxy.duckduckgo.com/iu/?u=https%3A%2F%2Ftse3.mm.bing.net%2Fth%3Fid%3DOIP._WwnA-XpVIU67XsBoG7eAQHaEo%26pid%3DApi&f=1
CAT,https://proxy.duckduckgo.com/iu/?u=https%3A%2F%2Ftse3.mm.bing.net%2Fth%3Fid%3DOIP.Cd09xduWKcIOYaIGshfFtwHaIV%26pid%3DApi&f=1
NOT_CAT,http://images4.fanpop.com/image/photos/16300000/Random-people-random-16382026-600-800.jpg
NOT_CAT,http://images2.fanpop.com/image/photos/8600000/random-animals-animals-8676039-1600-1200.jpg
NOT_CAT,https://proxy.duckduckgo.com/iu/?u=https%3A%2F%2Ftse2.mm.bing.net%2Fth%3Fid%3DOIP.p0xMYt_3xLU-9KSM-ebMkAHaLG%26pid%3DApi&f=1
NOT_CAT,https://proxy.duckduckgo.com/iu/?u=https%3A%2F%2Ftse4.mm.bing.net%2Fth%3Fid%3DOIP.8ZfiwQDxZbo_muAHJ_VDPwHaJ4%26pid%3DApi&f=1
NOT_CAT,https://proxy.duckduckgo.com/iu/?u=https%3A%2F%2Fwww.harborfreight.com%2Fmedia%2Fcatalog%2Fproduct%2Fi%2Fm%2Fimage_24255.jpg&f=1
NOT_CAT,https://proxy.duckduckgo.com/iu/?u=http%3A%2F%2Fimgonline.com.ua%2Fexamples%2Frandom-pixels-wallpaper-big.jpg&f=1
NOT_CAT,https://proxy.duckduckgo.com/iu/?u=https%3A%2F%2Ftse4.mm.bing.net%2Fth%3Fid%3DOIP.JDYBVM7QP3gxga58Ae-TXQHaJQ%26pid%3DApi&f=1
NOT_CAT,https://proxy.duckduckgo.com/iu/?u=https%3A%2F%2Ftse2.mm.bing.net%2Fth%3Fid%3DOIP.y-LIT6keWj81okf_UoVnegHaEK%26pid%3DApi&f=1
NOT_CAT,https://proxy.duckduckgo.com/iu/?u=https%3A%2F%2Ftse1.mm.bing.net%2Fth%3Fid%3DOIP.amfqD23Poaoqi6luVNu83gHaFL%26pid%3DApi&f=1
NOT_CAT,https://proxy.duckduckgo.com/iu/?u=https%3A%2F%2Ftse4.mm.bing.net%2Fth%3Fid%3DOIP.W8uOqCDPO_m-PAK8NEEkIAHaEo%26pid%3DApi&f=1
NOT_CAT,https://proxy.duckduckgo.com/iu/?u=https%3A%2F%2Ftse1.mm.bing.net%2Fth%3Fid%3DOIP.PTKXFDrkzr1b1kYILyZk0QHaF7%26pid%3DApi&f=1
NOT_CAT,https://proxy.duckduckgo.com/iu/?u=https%3A%2F%2Ftse2.mm.bing.net%2Fth%3Fid%3DOIP.ByqdZWKOlW2Phe5zKYp7XAHaEK%26pid%3DApi&f=1
NOT_CAT,https://proxy.duckduckgo.com/iu/?u=https%3A%2F%2Ftse1.mm.bing.net%2Fth%3Fid%3DOIP.70YWoPRNb8UT60OxWecmegHaLG%26pid%3DApi&f=1
NOT_CAT,https://proxy.duckduckgo.com/iu/?u=https%3A%2F%2Fthumbs.dreamstime.com%2Fz%2Fyellow-tiles-mosaic-random-pattern-728672.jpg&f=1
NOT_CAT,https://proxy.duckduckgo.com/iu/?u=https%3A%2F%2Ftse1.mm.bing.net%2Fth%3Fid%3DOIP.oL0_l4BOVu7gc_LEL5NoywHaFv%26pid%3DApi&f=1
NOT_CAT,https://proxy.duckduckgo.com/iu/?u=https%3A%2F%2Ftse4.mm.bing.net%2Fth%3Fid%3DOIP.juA_sqY903RY_lWhGfGW8AHaNM%26pid%3DApi&f=1
NOT_CAT,https://proxy.duckduckgo.com/iu/?u=https%3A%2F%2Ftse4.mm.bing.net%2Fth%3Fid%3DOIP.mDK0iClH0VJHgaKEFABj3QHaFE%26pid%3DApi&f=1
NOT_CAT,https://proxy.duckduckgo.com/iu/?u=https%3A%2F%2Ftse3.mm.bing.net%2Fth%3Fid%3DOIP.v0U21Yc1fnzgaxsWJioargHaDx%26pid%3DApi&f=1
NOT_CAT,https://proxy.duckduckgo.com/iu/?u=https%3A%2F%2Fadminscache.files.wordpress.com%2F2014%2F01%2Fstarburstline1.png&f=1
NOT_CAT,https://proxy.duckduckgo.com/iu/?u=https%3A%2F%2Ftse2.mm.bing.net%2Fth%3Fid%3DOIP.62V8Yp2LOfwrT4koTDkh1QHaE5%26pid%3DApi&f=1
NOT_CAT,https://proxy.duckduckgo.com/iu/?u=https%3A%2F%2Ftse3.mm.bing.net%2Fth%3Fid%3DOIP.lGPNDk1gYjGvXTTokFhc4QHaHa%26pid%3DApi&f=1
NOT_CAT,https://proxy.duckduckgo.com/iu/?u=http%3A%2F%2F3.bp.blogspot.com%2F-r-HMj1bPGdE%2FTp8sZIC12MI%2FAAAAAAAAAsA%2FKuCIupzlJTM%2Fs1600%2F1953293879.jpg&f=1
NOT_CAT,https://proxy.duckduckgo.com/iu/?u=http%3A%2F%2Fexperilous.com%2F1%2Fblog%2F2014-09-29-planet-medium.png&f=1
NOT_CAT,https://proxy.duckduckgo.com/iu/?u=https%3A%2F%2Ftheultralinx.com%2F.image%2Ft_share%2FMTI5MDI1Mzg5MDI3NjkzODQy%2Ftumblr_n012kve3qb1qzleu4o1_500.jpg&f=1
NOT_CAT,https://proxy.duckduckgo.com/iu/?u=https%3A%2F%2Ftse2.mm.bing.net%2Fth%3Fid%3DOIP.KeUNoQBT3T-Hc19w2-0nHQHaHa%26pid%3DApi&f=1
NOT_CAT,https://proxy.duckduckgo.com/iu/?u=https%3A%2F%2Flocaltvwiti.files.wordpress.com%2F2015%2F05%2Fat-random3.jpg%3Fquality%3D85%26strip%3Dall&f=1
NOT_CAT,https://proxy.duckduckgo.com/iu/?u=https%3A%2F%2Ftse4.mm.bing.net%2Fth%3Fid%3DOIP.F6MCuCwZQogOV-3hV8_UuQHaMV%26pid%3DApi&f=1
NOT_CAT,https://proxy.duckduckgo.com/iu/?u=https%3A%2F%2Ftse3.mm.bing.net%2Fth%3Fid%3DOIP.58S9cy5oT3gk9ScyzHrJswHaHa%26pid%3DApi&f=1
NOT_CAT,https://proxy.duckduckgo.com/iu/?u=https%3A%2F%2Ftse3.mm.bing.net%2Fth%3Fid%3DOIP.EKnb0mPiaiFeoenA4IUQwwHaEo%26pid%3DApi&f=1
NOT_CAT,https://proxy.duckduckgo.com/iu/?u=http%3A%2F%2Fwww.dumpaday.com%2Fwp-content%2Fuploads%2F2012%2F01%2Fbwhen_you_order_pizza_online_there_is_a_box_for_special_r_7.jpg&f=1
NOT_CAT,https://proxy.duckduckgo.com/iu/?u=https%3A%2F%2Ftse2.mm.bing.net%2Fth%3Fid%3DOIP.8BoTHWWjyGVnMzK8NtFvwgHaJy%26pid%3DApi&f=1
NOT_CAT,https://proxy.duckduckgo.com/iu/?u=https%3A%2F%2Ftse2.mm.bing.net%2Fth%3Fid%3DOIP.cWOx1j1uBRRInsT9Uec3qgHaLG%26pid%3DApi&f=1
NOT_CAT,https://proxy.duckduckgo.com/iu/?u=https%3A%2F%2Ftse4.mm.bing.net%2Fth%3Fid%3DOIP.j5cwayyaJmlIdBYHcUHVSwHaFL%26pid%3DApi&f=1
NOT_CAT,https://proxy.duckduckgo.com/iu/?u=https%3A%2F%2Ftse1.mm.bing.net%2Fth%3Fid%3DOIP.qWbaYcoMWc91JMcyYZU2rQHaJ4%26pid%3DApi&f=1
NOT_CAT,https://proxy.duckduckgo.com/iu/?u=https%3A%2F%2Ftse2.mm.bing.net%2Fth%3Fid%3DOIP.nkHjZp7EUQa79YO3bjyrmQHaEK%26pid%3DApi&f=1
NOT_CAT,https://proxy.duckduckgo.com/iu/?u=https%3A%2F%2Ftse1.mm.bing.net%2Fth%3Fid%3DOIP.jYQklbdskyyCCJIkJlYWCgHaFj%26pid%3DApi&f=1
NOT_CAT,https://proxy.duckduckgo.com/iu/?u=https%3A%2F%2Ftse1.mm.bing.net%2Fth%3Fid%3DOIP.AfNI_Jsxv1QbHGsZ3ZT3awHaE8%26pid%3DApi&f=1
NOT_CAT,https://proxy.duckduckgo.com/iu/?u=http%3A%2F%2F1.bp.blogspot.com%2F-p3U3uwZO1xc%2FTrqxjlZdUQI%2FAAAAAAAACNs%2FYdIeoz8g2BE%2Fs1600%2F1647823183.jpg&f=1
NOT_CAT,https://proxy.duckduckgo.com/iu/?u=https%3A%2F%2Ftse4.mm.bing.net%2Fth%3Fid%3DOIP.ML4R__BfUOCnOk9KHeVDrgHaEo%26pid%3DApi&f=1
CAT,https://proxy.duckduckgo.com/iu/?u=http%3A%2F%2Fimages6.fanpop.com%2Fimage%2Fphotos%2F35700000%2FLion-random-35799282-1796-1796.jpg&f=1
NOT_CAT,http://i.ebayimg.com/images/i/141898821488-0-1/s-l1000.jpg
NOT_CAT,https://proxy.duckduckgo.com/iu/?u=http%3A%2F%2Fimages2.fanpop.com%2Fimage%2Fphotos%2F12200000%2FRandom-stuff-random-girly-icons-12225722-998-803.jpg&f=1
NOT_CAT,https://proxy.duckduckgo.com/iu/?u=https%3A%2F%2Ftse2.mm.bing.net%2Fth%3Fid%3DOIP.XjUAl5YPIszJPKCEDI4zagHaEc%26pid%3DApi&f=1
NOT_CAT,https://proxy.duckduckgo.com/iu/?u=https%3A%2F%2Ftse2.mm.bing.net%2Fth%3Fid%3DOIP.GFkUgeAOD-PYA1hhGcj6HwHaGa%26pid%3DApi&f=1
NOT_CAT,https://proxy.duckduckgo.com/iu/?u=https%3A%2F%2Ftse2.mm.bing.net%2Fth%3Fid%3DOIP.XojidQOKPVMG700IgnOVugHaE8%26pid%3DApi&f=1
NOT_CAT,https://proxy.duckduckgo.com/iu/?u=https%3A%2F%2Ftse3.mm.bing.net%2Fth%3Fid%3DOIP.P309fNNDfZTPC2jlpqt5mAHaFj%26pid%3DApi&f=1
NOT_CAT,https://proxy.duckduckgo.com/iu/?u=https%3A%2F%2Ftse1.mm.bing.net%2Fth%3Fid%3DOIP.qiL0LUzq_zQch_hW36WExAHaEK%26pid%3DApi&f=1
NOT_CAT,https://proxy.duckduckgo.com/iu/?u=https%3A%2F%2Fimages5.alphacoders.com%2F426%2F426364.jpg&f=1
NOT_CAT,https://proxy.duckduckgo.com/iu/?u=https%3A%2F%2Fthumbs.dreamstime.com%2Fz%2Frandom-square-multicolor-pattern-24853666.jpg&f=1
NOT_CAT,https://proxy.duckduckgo.com/iu/?u=https%3A%2F%2Ftse4.mm.bing.net%2Fth%3Fid%3DOIP.zBoYYLI7fIMXxHwIVOODowHaIX%26pid%3DApi&f=1
NOT_CAT,https://proxy.duckduckgo.com/iu/?u=http%3A%2F%2F4.bp.blogspot.com%2F-4xUAnTpLid4%2FUCjYvq99p8I%2FAAAAAAAADF4%2FlPXuve362Gc%2Fs1600%2Feragon-dragon-blue-fantasy-dragon-wallpaper.jpg&f=1
NOT_CAT,https://proxy.duckduckgo.com/iu/?u=https%3A%2F%2Ftse4.mm.bing.net%2Fth%3Fid%3DOIP.bDtPjuaZQxm3dsBWicHfnQHaJ4%26pid%3DApi&f=1
NOT_CAT,http://ofad.org/files/daily-photo/recent-portraits-random-people-in-random-places_4.jpg
NOT_CAT,https://proxy.duckduckgo.com/iu/?u=https%3A%2F%2Ftse1.mm.bing.net%2Fth%3Fid%3DOIP.05an9nEAeEoBuT--uPALxQHaLW%26pid%3DApi&f=1
NOT_CAT,https://proxy.duckduckgo.com/iu/?u=https%3A%2F%2Ftse4.mm.bing.net%2Fth%3Fid%3DOIP.qvSYJwSCX5jMd3zvcHRYLAHaFj%26pid%3DApi&f=1
CAT,https://proxy.duckduckgo.com/iu/?u=http%3A%2F%2Fimages5.fanpop.com%2Fimage%2Fphotos%2F27600000%2FColorful-stuff-random-27682004-1280-800.jpg&f=1
NOT_CAT,https://proxy.duckduckgo.com/iu/?u=https%3A%2F%2Fashevildead66.files.wordpress.com%2F2013%2F01%2Fdrawing342.jpg&f=1
NOT_CAT,https://proxy.duckduckgo.com/iu/?u=https%3A%2F%2Ftse4.mm.bing.net%2Fth%3Fid%3DOIP.CIZ35a3BlWjl9oEPkOsOxQHaE8%26pid%3DApi&f=1
NOT_CAT,https://proxy.duckduckgo.com/iu/?u=https%3A%2F%2Ftse4.mm.bing.net%2Fth%3Fid%3DOIP.5bJUYiCLkPsEK8VUD0WvFAHaFj%26pid%3DApi&f=1
NOT_CAT,https://proxy.duckduckgo.com/iu/?u=https%3A%2F%2Ftse1.mm.bing.net%2Fth%3Fid%3DOIP.5t-9bng3M7qiPynHqcca0gHaFj%26pid%3DApi&f=1
NOT_CAT,https://proxy.duckduckgo.com/iu/?u=http%3A%2F%2Fsaliu.com%2FScreenImgs%2Frandom-numbers-3.gif&f=1
NOT_CAT,https://proxy.duckduckgo.com/iu/?u=https%3A%2F%2Fi.pinimg.com%2F736x%2F81%2F10%2F0e%2F81100e7ae660e7bb7dfa74ab10d79827.jpg&f=1
NOT_CAT,https://proxy.duckduckgo.com/iu/?u=https%3A%2F%2Ftse2.mm.bing.net%2Fth%3Fid%3DOIP.3vTG3UNfO9cvvlZ7tMCSzAHaFL%26pid%3DApi&f=1
NOT_CAT,https://proxy.duckduckgo.com/iu/?u=https%3A%2F%2Ftse4.mm.bing.net%2Fth%3Fid%3DOIP.XN4YOKWKDOYHZFhcJ-xnfQHaHB%26pid%3DApi&f=1
NOT_CAT,https://proxy.duckduckgo.com/iu/?u=https%3A%2F%2Ftse1.mm.bing.net%2Fth%3Fid%3DOIP.o8-8LyLP0Wvq7JaMOGGvOQHaJ4%26pid%3DApi&f=1
NOT_CAT,https://proxy.duckduckgo.com/iu/?u=https%3A%2F%2Ftse1.mm.bing.net%2Fth%3Fid%3DOIP.mZHPWjmi_EN0hISt8_risgHaHa%26pid%3DApi&f=1
NOT_CAT,https://proxy.duckduckgo.com/iu/?u=https%3A%2F%2Ftse4.mm.bing.net%2Fth%3Fid%3DOIP.hh3w-JP8kvzYb_J_9oAaVAHaFr%26pid%3DApi&f=1\
NOT_CAT,https://proxy.duckduckgo.com/iu/?u=https%3A%2F%2Ftse1.mm.bing.net%2Fth%3Fid%3DOIP.MOpZ3j0_IqFCPVL9v2KfTAHaKL%26pid%3DApi&f=1
NOT_CAT,https://proxy.duckduckgo.com/iu/?u=https%3A%2F%2Ftse1.mm.bing.net%2Fth%3Fid%3DOIP.GF3OKHAxfIBqPKlna9_j_gHaFj%26pid%3DApi&f=1
NOT_CAT,https://proxy.duckduckgo.com/iu/?u=https%3A%2F%2Ftse1.mm.bing.net%2Fth%3Fid%3DOIP.G6eGsANl3eoJJyM1gthMtgHaJ3%26pid%3DApi&f=1
NOT_CAT,https://proxy.duckduckgo.com/iu/?u=http%3A%2F%2F2.bp.blogspot.com%2F-GPOSgyGTJfc%2FUCjYxksR9JI%2FAAAAAAAADGI%2FCpOUuR8aCjM%2Fs1600%2Ffantasy-girl-lightning-storm-sky-wallpaper-1920x1080.jpg&f=1
CAT,https://proxy.duckduckgo.com/iu/?u=https%3A%2F%2Ftse3.mm.bing.net%2Fth%3Fid%3DOIP.H11QMgAyhEkPgE0o5mi0UgHaEK%26pid%3DApi&f=1
NOT_CAT,https://proxy.duckduckgo.com/iu/?u=https%3A%2F%2Ftse1.mm.bing.net%2Fth%3Fid%3DOIP.zkS3My9PZX7ramCYNXTgxAHaFj%26pid%3DApi&f=1
NOT_CAT,https://proxy.duckduckgo.com/iu/?u=https%3A%2F%2Fthepikapika.files.wordpress.com%2F2013%2F07%2Fpika_girl___amy_by_suika_x-d5vlznz.png&f=1
NOT_CAT,https://proxy.duckduckgo.com/iu/?u=http%3A%2F%2Fgetwordwall.com%2FAttachments%2FScreenshots%2FPlay%2Frandom-wheel.png&f=1
NOT_CAT,https://proxy.duckduckgo.com/iu/?u=https%3A%2F%2Ftse2.mm.bing.net%2Fth%3Fid%3DOIP.nk1KpZE8XKVVj-pysDZRNwHaKV%26pid%3DApi&f=1
NOT_CAT,https://proxy.duckduckgo.com/iu/?u=https%3A%2F%2Ftse2.mm.bing.net%2Fth%3Fid%3DOIP.O4-9UEGFujGecHic_3meygHaEK%26pid%3DApi&f=1
NOT_CAT,https://proxy.duckduckgo.com/iu/?u=https%3A%2F%2Ftse2.mm.bing.net%2Fth%3Fid%3DOIP.QHVOS5aLGovd59SxulVq2gHaHa%26pid%3DApi&f=1
NOT_CAT,https://proxy.duckduckgo.com/iu/?u=https%3A%2F%2Farchitecturert.files.wordpress.com%2F2011%2F09%2F013.jpg&f=1
NOT_CAT,https://proxy.duckduckgo.com/iu/?u=https%3A%2F%2Ftse4.mm.bing.net%2Fth%3Fid%3DOIP.ZtRjPGYHuhxnQitYGmcMpwHaFM%26pid%3DApi&f=1
NOT_CAT,https://proxy.duckduckgo.com/iu/?u=https%3A%2F%2Fi.pinimg.com%2F736x%2Ffd%2Ff0%2F77%2Ffdf077a74843709090928a2215232feb--water-tattoos-asian-tattoos.jpg&f=1
NOT_CAT,https://proxy.duckduckgo.com/iu/?u=https%3A%2F%2Ftse3.mm.bing.net%2Fth%3Fid%3DOIP.5IwuCM77DUiCyM8nPu6tVwHaEK%26pid%3DApi&f=1
NOT_CAT,https://proxy.duckduckgo.com/iu/?u=https%3A%2F%2Fwww.documentingreality.com%2Fforum%2Fattachments%2Ff171%2F22527d1221887846-random-hot-girls-your-enjoyment-non-nude-teen-girls-5.jpg&f=1
NOT_CAT,https://proxy.duckduckgo.com/iu/?u=https%3A%2F%2Fimg.gta5-mods.com%2Fq95%2Fimages%2Freal-life-random-props%2Fa49459-Untitled.png&f=1
NOT_CAT,https://proxy.duckduckgo.com/iu/?u=https%3A%2F%2Fcdn.someecards.com%2Fposts%2Frandom-memes-thatll-make-you-spit-out-your-morning-coffee-august-23-2017-22-fDJVv5.png&f=1
NOT_CAT,https://proxy.duckduckgo.com/iu/?u=https%3A%2F%2Ftse3.mm.bing.net%2Fth%3Fid%3DOIP.gM8Wfrt-MRjmqte7K9hwTwHaEo%26pid%3DApi&f=1
NOT_CAT,https://proxy.duckduckgo.com/iu/?u=http%3A%2F%2Fth05.deviantart.net%2Ffs70%2FPRE%2Fi%2F2013%2F206%2F7%2F5%2Fmoleskine_doodles__imagination_is_power_by_kerbyrosanes-d6f70r1.jpg&f=1
NOT_CAT,https://proxy.duckduckgo.com/iu/?u=https%3A%2F%2Ftse2.mm.bing.net%2Fth%3Fid%3DOIP.M3iiiDKs9-IvQNVjNVHwFwHaHa%26pid%3DApi&f=1
NOT_CAT,https://proxy.duckduckgo.com/iu/?u=https%3A%2F%2Ftse3.mm.bing.net%2Fth%3Fid%3DOIP.jTg4ZO4lM35U1GtxuylCagHaJ4%26pid%3DApi&f=1
NOT_CAT,https://proxy.duckduckgo.com/iu/?u=http%3A%2F%2Fimages6.fanpop.com%2Fimage%2Fphotos%2F32900000%2FRandom-Drawings-thisperson1212-32920644-828-1383.jpg&f=1
NOT_CAT,https://proxy.duckduckgo.com/iu/?u=https%3A%2F%2Ftse2.mm.bing.net%2Fth%3Fid%3DOIP.De_Xhl7Rz_0xxBIptFOc7wHaNK%26pid%3DApi&f=1
NOT_CAT,https://proxy.duckduckgo.com/iu/?u=http%3A%2F%2Fimages6.fanpop.com%2Fimage%2Fphotos%2F36300000%2FRandom-image-random-36338374-1280-1024.jpg&f=1
NOT_CAT,https://proxy.duckduckgo.com/iu/?u=https%3A%2F%2Fi.ytimg.com%2Fvi%2F2qP8OWy426U%2Fmaxresdefault.jpg&f=1
NOT_CAT,https://proxy.duckduckgo.com/iu/?u=https%3A%2F%2Ftse2.mm.bing.net%2Fth%3Fid%3DOIP.Z_NFcKTvQhgTTWRW-xrakAHaJQ%26pid%3DApi&f=1
NOT_CAT,https://proxy.duckduckgo.com/iu/?u=https%3A%2F%2Ftse4.mm.bing.net%2Fth%3Fid%3DOIP.a5MVoqQqPhbZAZuLcyN7oAHaKm%26pid%3DApi&f=1
NOT_CAT,https://proxy.duckduckgo.com/iu/?u=https%3A%2F%2Ftse4.mm.bing.net%2Fth%3Fid%3DOIP.t1ONVsC0hqBbbKElSmWIfgHaFj%26pid%3DApi&f=1
NOT_CAT,https://proxy.duckduckgo.com/iu/?u=https%3A%2F%2Ftse1.mm.bing.net%2Fth%3Fid%3DOIP.RLXcG6-12_2WFcthpfT1AQHaEn%26pid%3DApi&f=1
NOT_CAT,https://proxy.duckduckgo.com/iu/?u=https%3A%2F%2Ftse3.mm.bing.net%2Fth%3Fid%3DOIP.24lzqDnqS3QD_4b1x_GmHgHaF6%26pid%3DApi&f=1
NOT_CAT,https://proxy.duckduckgo.com/iu/?u=https%3A%2F%2Ftse4.mm.bing.net%2Fth%3Fid%3DOIP.oSe2xuK_wq2cCmdN0mgANwHaEX%26pid%3DApi&f=1
NOT_CAT,https://proxy.duckduckgo.com/iu/?u=https%3A%2F%2Ftse2.mm.bing.net%2Fth%3Fid%3DOIP.UWPqgG2qgnhGM9jnjS5OJgHaE7%26pid%3DApi&f=1
NOT_CAT,https://proxy.duckduckgo.com/iu/?u=https%3A%2F%2Ftse2.mm.bing.net%2Fth%3Fid%3DOIP.sRKGjWNRMtn6NWMbclOC8gHaHa%26pid%3DApi&f=1
NOT_CAT,https://proxy.duckduckgo.com/iu/?u=https%3A%2F%2Ftse1.mm.bing.net%2Fth%3Fid%3DOIP.lsQZMcKqPiTnMnxGSlGWnwHaFj%26pid%3DApi&f=1
NOT_CAT,https://proxy.duckduckgo.com/iu/?u=https%3A%2F%2Ftse4.mm.bing.net%2Fth%3Fid%3DOIP.WM21pL5TflHNWdvAGN7n5gHaFL%26pid%3DApi&f=1
NOT_CAT,https://proxy.duckduckgo.com/iu/?u=https%3A%2F%2Ftse4.mm.bing.net%2Fth%3Fid%3DOIP.fXloIc0jjmP1GlJUlU2-wwHaHa%26pid%3DApi&f=1
NOT_CAT,https://proxy.duckduckgo.com/iu/?u=https%3A%2F%2Ftse4.mm.bing.net%2Fth%3Fid%3DOIP.StCW6DPHk4nZbpz4CSjK8gHaEK%26pid%3DApi&f=1
NOT_CAT,https://proxy.duckduckgo.com/iu/?u=https%3A%2F%2Ftse3.mm.bing.net%2Fth%3Fid%3DOIP.1CAA923mWRW68Qo5sYBkCwHaKK%26pid%3DApi&f=1
CAT,http://images2.fanpop.com/image/photos/9400000/Funny-Cats-cats-9474018-1600-1200.jpg
CAT,http://images2.fanpop.com/image/photos/9400000/Funny-Cats-cats-9473312-1600-1200.jpg
CAT,http://images2.fanpop.com/image/photos/9400000/Funny-Cats-cats-9474038-1600-1200.jpg
CAT,http://images6.fanpop.com/image/photos/32800000/Cats-cats-32853212-1366-768.jpg
CAT,http://images2.fanpop.com/image/photos/13400000/Cat-cats-13494223-2304-1728.jpg
CAT,http://images4.fanpop.com/image/photos/14700000/Beautifull-cat-cats-14749885-1600-1200.jpg
CAT,http://4.bp.blogspot.com/-ATHZWqtdwuA/TfyC5yGOW7I/AAAAAAAAFho/WrLXGJl5SQ4/s1600/cat_free_wallpapers.jpg
CAT,http://images2.fanpop.com/image/photos/9400000/Funny-Cats-cats-9474162-1600-1200.jpg
CAT,http://images5.fanpop.com/image/photos/32000000/Cat-cats-32040775-1440-900.jpg
CAT,https://images.pexels.com/photos/617278/pexels-photo-617278.jpeg?cs=srgb&dl=animal-cute-eyes-617278.jpg&fm=jpg
CAT,http://images2.fanpop.com/images/photos/7000000/Cats-cats-7017645-1600-1200.jpg
CAT,http://images2.fanpop.com/image/photos/9400000/Funny-Cats-cats-9473321-1600-1200.jpg
CAT,http://images6.fanpop.com/image/photos/37100000/Lovely-Nala_Cat-nala-the-cat-37155814-701-701.jpg
CAT,http://images5.fanpop.com/image/photos/25400000/Tabbys-tabby-cats-25424518-1210-809.jpg
CAT,http://images5.fanpop.com/image/photos/27700000/Pallas-Cat-pallas-cats-27745404-648-432.jpg
CAT,http://images2.fanpop.com/image/photos/9400000/Funny-Cats-cats-9473192-1600-1200.jpg
CAT,https://www.desibucket.com/wp-content/uploads/2016/05/Cat-Pic-anml1127.jpg
CAT,https://www.gannett-cdn.com/-mm-/421fa88894207f6fd125837bfbea3a215d8338a7/c=972-205-2409-1017/local/-/media/2016/10/18/USATODAY/USATODAY/636124053572235005-101816orange-cat-thinkstock.jpg?width=3200&height=1680&fit=crop
CAT,http://images2.fanpop.com/image/photos/9400000/Funny-Cats-cats-9474499-1600-1200.jpg
CAT,http://images.fanpop.com/images/image_uploads/CUTE-CAT-cats-625629_689_700.jpg
CAT,https://gazettereview.com/wp-content/uploads/2015/05/cat.jpg
CAT,http://images2.fanpop.com/image/photos/9400000/Funny-Cats-cats-9473474-1600-1200.jpg
CAT,https://i.pinimg.com/736x/d8/56/c3/d856c366a6691a1ff07a744552ec558b.jpg
CAT,http://images.fanpop.com/images/image_uploads/In-the-forest-cats-545904_1920_1440.jpg
CAT,http://3.bp.blogspot.com/-WHW5J1uTTCY/UERgSSUImII/AAAAAAAAAMk/JrIBdXHajj0/s1600/Cat+Pictures+8.jpg
CAT,https://www.msah.com/sites/default/files/play-cats.jpg
CAT,http://wallpapercanyon.com/wp-content/uploads/2016/06/Cats-Wallpapers-Desert-Cat-Profile-1024x768.jpg
CAT,https://www.bing.com/th?id=OIP.Cf8BrLURDsjgBITU4xU6-AHaEK&pid=Api&rs=1&p=0
CAT,http://images6.fanpop.com/image/photos/37200000/Cute-Cats-cats-37228707-1440-900.jpg
CAT,https://www.sarahspetportraits.co.uk/wp-content/gallery/cat-portraits/cat-pet-portrait-5-ENLARGE.jpg
CAT,http://images6.fanpop.com/image/photos/33400000/Cute-Cats-cats-33440894-1600-1200.jpg
CAT,https://cdn.thewirecutter.com/wp-content/uploads/2018/06/cataccessories-lowres-2x1-05916.jpg
CAT,http://images5.fanpop.com/image/photos/27700000/Pallas-Cat-pallas-cats-27745385-586-384.jpg
CAT,http://2.bp.blogspot.com/-oo5SaFlmLfI/T2xrywcDM1I/AAAAAAAAN2k/Wz8-MARfplQ/s1600/funny-cats-wedding-wallpaper.jpg
CAT,http://www.pxleyes.com/images/contests/white%20cat/fullsize/sourceimage.jpg
CAT,https://menopauseexpress.files.wordpress.com/2013/03/puzzled-cat.jpg
CAT,http://images5.fanpop.com/image/photos/29200000/Sand-Cat-sand-cats-29270023-800-600.jpg
CAT,https://4fi8v2446i0sw2rpq2a3fg51-wpengine.netdna-ssl.com/wp-content/uploads/2016/09/ShareTheTruth_PhotoBanners_344x361.jpg
CAT,https://cdn.pixabay.com/photo/2015/12/03/10/43/cat-1074657_960_720.jpg
CAT,https://c1.staticflickr.com/9/8364/8335288624_6d194808c6_b.jpg
CAT,https://cutecatshq.com/wp-content/uploads/2017/05/My-beautiful-cat-1.jpg
CAT,http://images2.fanpop.com/image/photos/13600000/cute-cat-cats-13624319-640-480.jpg
CAT,http://1.bp.blogspot.com/-8xDZ2-Ozws0/USIT8OoejZI/AAAAAAAAA68/-cUrp0T1qNg/s1600/siamese-cats-wallpaper-61.jpg
CAT,https://3.bp.blogspot.com/--GsolnJQBdc/UiD3wCgDRyI/AAAAAAAAAUM/L3H8AtE03sQ/s1600/Cat.jpg
CAT,http://1.bp.blogspot.com/-Hq2ZlIc0vMc/VjpXPOz5w8I/AAAAAAABf6I/L7eErmLf9Xs/s1600/funny-cats-179-02.jpg
CAT,https://www.publicdomainpictures.net/pictures/40000/velka/calico-cat-on-chair.jpg
CAT,https://images.all-free-download.com/images/graphiclarge/cute_cat_06_hd_picture_170909.jpg
CAT,http://images5.fanpop.com/image/photos/26600000/Honey-Button-honey-the-fat-cat-26673899-2560-1920.jpg
CAT,http://images.wisegeek.com/young-calico-cat.jpg
NOT_CAT,https://wallpapercave.com/wp/ZsVrYPz.jpg
NOT_CAT,https://x.imagefapusercontent.com/u/Sinoga/7113996/1268497436/_lib01_IMG_0007.jpg
NOT_CAT,https://d2d00szk9na1qq.cloudfront.net/Product/7b8b9162-c9b3-4bcc-a6e4-4807619d82e5/Images/Large_0454433.jpg
NOT_CAT,https://media.moddb.com/images/groups/1/3/2954/Armoured_Vehicle_ZUBR_Poland.jpg
NOT_CAT,https://i0.kym-cdn.com/photos/images/original/000/813/965/4bb.png
NOT_CAT,http://jrandomimage.com/assets_c/2012/03/einstein-hand-puppet-thumb-630x821-273.jpg
NOT_CAT,https://cdn-images-1.medium.com/max/2000/1*lAhJt7bvEDxT4DEdd29yCA.jpeg
NOT_CAT,https://www.lmodernlighting.com/media/catalog/product/cache/1/image/1200x1200/2ff1ac461af4f8f4afd61dffad87fdb3/m/o/moooi_random_pendant_light01_1.jpg
NOT_CAT,https://thumbs.dreamstime.com/z/random-letter-texture-abstract-created-blue-ink-rubberstamp-letters-not-seamless-36894296.jpg
NOT_CAT,https://www.questionpro.com/blog/wp-content/uploads/2018/03/34-Stratified-random-sampling.jpg
NOT_CAT,https://i0.kym-cdn.com/photos/images/original/000/559/069/ca8.png
NOT_CAT,https://static.vecteezy.com/system/resources/previews/000/109/530/original/random-shapes-pattern-vector.jpg
NOT_CAT,https://image.slidesharecdn.com/stratified-random-sampling-1234713464587206-3/95/stratified-random-sampling-1-728.jpg?cb=1234692108
NOT_CAT,https://static.fjcdn.com/large/pictures/d6/4c/d64c52_4061691.jpg
NOT_CAT,https://www.lmodernlighting.com/media/catalog/product/cache/1/image/1200x1200/2ff1ac461af4f8f4afd61dffad87fdb3/r/a/random_pendant_lights_04.jpg
NOT_CAT,http://www.desktopwallpaperhd.net/wallpapers/3/7/back-ground-random-category-background-37815.jpg
NOT_CAT,https://rfclipart.com/image/big/31-be-8b/abstract-random-numbers-flying-around-the-edges-Download-Royalty-free-Vector-File-EPS-226840.jpg
NOT_CAT,https://funnyfoto.org/wp-content/uploads/2017/09/pic_001_result-53.jpg
NOT_CAT,http://images6.fanpop.com/image/photos/33700000/Anime-random-33779576-1400-1050.jpg
NOT_CAT,http://thecuriousbutterfly.com/wp-content/uploads/2014/03/kindness-wave_square-logo_tagline_no-effects_white-background_1600p.png
NOT_CAT,http://images6.fanpop.com/image/photos/38400000/Imagine-Dragons-Night-Visions-Wallpaper-random-wonder-38426605-996-722.png
NOT_CAT,https://i.pinimg.com/originals/bc/9b/54/bc9b54e755eb1b1c7e11bc533ffb10ef.jpg
NOT_CAT,http://images2.fanpop.com/image/photos/10400000/visual-paradox-random-10489651-800-600.jpg
NOT_CAT,https://www.wikihow.com/images/thumb/6/66/User-Completed-Image-Create-a-Random-Abstract-Drawing-2017.11.26-05.28.53.0.jpg/670px-User-Completed-Image-Create-a-Random-Abstract-Drawing-2017.11.26-05.28.53.0.jpg
NOT_CAT,http://images5.fanpop.com/image/photos/31700000/Vintage-Knife-Juggler-random-31722670-364-564.jpg
NOT_CAT,https://i.pinimg.com/originals/25/7e/db/257edb366bf6cea0a4f0f5b72b1672f8.jpg
NOT_CAT,https://i2.kym-cdn.com/photos/images/original/000/045/198/awesome_5_.jpg
NOT_CAT,https://modernplanet.com/media/catalog/product/cache/2/image/1800x/040ec09b1e35df139433887a97daa66f/r/a/random_black_detail_1.jpg
NOT_CAT,http://images5.fanpop.com/image/photos/26600000/Symmetrical-Things-random-26673490-1280-1024.jpg
NOT_CAT,https://media.moddb.com/images/groups/1/3/2055/40k67.jpg
NOT_CAT,http://images2.fanpop.com/image/photos/9100000/Scary-stuff-O-random-9114630-331-499.jpg
NOT_CAT,https://thumbs.dreamstime.com/z/random-mosaic-pattern-1072233.jpg
NOT_CAT,http://img12.deviantart.net/0843/i/2006/114/0/3/random_things_by_suzimi.jpg
NOT_CAT,https://thumbs.dreamstime.com/z/target-random-arrows-12733419.jpg
NOT_CAT,https://gracefilledhomemaking.com/wp-content/uploads/35.png
NOT_CAT,http://images2.fanpop.com/image/photos/13400000/random-shit-on-my-computer-jammy-and-meg-13424590-526-353.jpg
NOT_CAT,https://i0.kym-cdn.com/photos/images/original/000/103/740/c2c.png
NOT_CAT,http://images2.fanpop.com/image/photos/11000000/Balto-2-random-balto-characters-11080932-1280-1024.jpg
NOT_CAT,http://images6.fanpop.com/image/photos/35800000/-Wallpapers-Full-HD-random-35881387-1920-1080.jpg
NOT_CAT,http://images4.fanpop.com/image/photos/16000000/Demotivationals-random-16088815-750-600.jpg
NOT_CAT,https://www.bing.com/th?id=OIP.nPiTdSAO8Y6h3C1zsYbqVwHaEK&pid=Api&rs=1&p=0
NOT_CAT,https://www.bing.com/th?id=OIP.qTxBkaiOIZoknuiz30FxRgHaEd&pid=Api&w=1280&h=771&rs=1&p=0
NOT_CAT,https://www.burnleyfootballclub.com/siteassets/image/random/premier-league-footballs.jpg
NOT_CAT,http://images2.fanpop.com/image/photos/11000000/Balto-1-random-balto-characters-11080761-1280-1024.jpg
NOT_CAT,https://thumbs.dreamstime.com/z/random-objects-collage-vector-graphic-design-various-multiple-images-60924505.jpg
NOT_CAT,http://images4.fanpop.com/image/photos/18200000/Random-Renamon-Walpapers-renamon-18292924-1440-900.jpg
NOT_CAT,https://www.canadianbullionservices.com/media/product/71d/1-2-oz-random-year-canadian-maple-leaf-gold-coin-a89.jpg
NOT_CAT,https://www.lmodernlighting.com/media/catalog/product/cache/1/image/1200x1200/2ff1ac461af4f8f4afd61dffad87fdb3/m/o/moooi_random_pendant_light07_1.jpg
NOT_CAT,http://images5.fanpop.com/image/photos/27300000/FUUUUUUUUUUUUUUUUUU-random-27346482-535-411.jpg
NOT_CAT,http://img.brothersoft.com/screenshots/softimage/r/random_image_generator-376153-1276147884.jpeg
NOT_CAT,http://images2.fanpop.com/image/photos/11000000/Balto-2-random-balto-characters-11080917-1280-1024.jpg
NOT_CAT,https://forum.processing.org/two/uploads/imageupload/597/TS4UKDMNI12X.jpg
NOT_CAT,https://static.businessinsider.com/image/550b291169bedd89609c3e24/image.jpg
NOT_CAT,http://gigl.scs.carleton.ca/sites/default/files/uploads/images/randomCheckers_27rows_999frames.jpg
NOT_CAT,http://images2.fanpop.com/image/photos/9100000/Scary-stuff-O-random-9114628-500-368.jpg
NOT_CAT,https://www.pixelstalk.net/wp-content/uploads/2016/08/Random-Desktop-Wallpaper.jpg
NOT_CAT,http://images4.fanpop.com/image/photos/21400000/Cute-random-21492960-499-374.jpg
NOT_CAT,https://izismile.com/img/img8/20160325/640/random_things_that_look_like_something_else_640_19.jpg
NOT_CAT,http://images6.fanpop.com/image/photos/32900000/Random-Drawings-thisperson1212-32920638-1268-1808.jpg
NOT_CAT,https://www.villalagoontile.com/images/monterey-collection/roto/layouts/solids/large/roto-field-random-sepia.jpg
NOT_CAT,http://images2.fanpop.com/image/photos/9100000/Scary-stuff-O-random-9114613-279-400.jpg
NOT_CAT,http://dataaspirant.com/wp-content/uploads/2017/04/Random-Forest-Introduction.jpg
NOT_CAT,http://stockarch.com/files/imagecache/Preview/15/02/random_concept.jpg
NOT_CAT,https://adminscache.files.wordpress.com/2014/03/randomcharacters_20140322_161815.png
NOT_CAT,http://www.canmaps.com/topomaps/nts50/toporama/orthoimages/002c04.jpg
NOT_CAT,http://images4.fanpop.com/image/photos/24300000/SKRILLEX-IS-AWESOME-random-24318005-1000-634.jpg
NOT_CAT,http://images5.fanpop.com/image/photos/30500000/Random-shit-tokidoki123s-place-30589481-500-625.png
NOT_CAT,http://images2.fanpop.com/image/photos/11000000/Balto-1-random-balto-characters-11080738-1280-1024.jpg
NOT_CAT,http://images6.fanpop.com/image/photos/33400000/Random-Tumblr-Posts-random-33482525-498-750.png
NOT_CAT,https://windows-cdn.softpedia.com/screenshots/Random-shape-generator_1.png
NOT_CAT,https://i.pinimg.com/originals/0d/1a/2e/0d1a2e8c94f7d902b16340a35d51fd6f.jpg
NOT_CAT,http://images2.fanpop.com/image/photos/14100000/Random-GIR-wallpaper-gir-14152095-1024-768.gif
NOT_CAT,https://www.bing.com/th?id=OIP.PHgEJV2WIE_tBBrIJ564zQHaEo&pid=Api&rs=1&p=0
NOT_CAT,https://img.gta5-mods.com/q75/images/more-random-events/f08379-2015-11-01_00003.jpg
NOT_CAT,http://www.jeffreythompson.org/blog/wp-content/uploads/2011/06/ProcessingRandomLines_sortWhite.png
NOT_CAT,https://orig10.deviantart.net/6694/f/2008/123/e/b/scrathes_ii_by_struckdumb.jpg
NOT_CAT,http://images4.fanpop.com/image/photos/19900000/Amazing-painting-random-19915553-1024-768.jpg
NOT_CAT,http://images5.fanpop.com/image/photos/29700000/Random-shit-random-29787781-445-406.jpg
NOT_CAT,http://images6.fanpop.com/image/photos/32300000/random-anime-girls-random-32396361-480-650.jpg
NOT_CAT,https://thumbs.dreamstime.com/z/random-letters-background-20825611.jpg
NOT_CAT,http://images2.fanpop.com/image/photos/11000000/Balto-1-random-balto-characters-11080755-1280-1024.jpg
NOT_CAT,https://adminscache.files.wordpress.com/2014/01/rectangles2.png
NOT_CAT,http://images2.fanpop.com/image/photos/11000000/Balto-2-random-balto-characters-11080930-1280-1024.jpg
NOT_CAT,https://cdn.pixabay.com/photo/2016/03/27/08/49/binary-1282366_640.jpg
NOT_CAT,http://images4.fanpop.com/image/photos/24300000/awesome-random-24306240-329-298.jpg
NOT_CAT,http://www.incimages.com/uploaded_files/image/970x450/getty_160887834_119371.jpg
NOT_CAT,https://www.bing.com/th?id=OIP.6PcIVYx1aRdy_B202-ns4wHaFj&pid=Api&w=1280&h=960&rs=1&p=0
NOT_CAT,http://images5.fanpop.com/image/photos/28900000/Puppy-random-cute-group-28917493-500-333.jpg
NOT_CAT,https://i1.kym-cdn.com/photos/images/original/000/024/761/fireawesome.jpg
NOT_CAT,https://thumbs.dreamstime.com/z/random-retro-circle-pattern-size-colour-mauve-background-36125773.jpg
CAT,http://images6.fanpop.com/image/photos/33800000/Cat-humor-random-33872830-500-634.jpg
NOT_CAT,http://images4.fanpop.com/image/photos/19900000/Amazing-painting-random-19915564-1024-768.jpg
NOT_CAT,https://thumbs.dreamstime.com/z/random-numbers-20108299.jpg
NOT_CAT,http://images5.fanpop.com/image/photos/30600000/awesome-random-30665447-320-371.jpg
NOT_CAT,http://x.imagefapusercontent.com/u/Sinoga/7125340/249234853/lib17_IMG_0004.jpg
NOT_CAT,http://images6.fanpop.com/image/photos/38100000/Just-some-random-basketball-wallpaper-bunnythedurp-38105322-1199-1600.jpg
NOT_CAT,http://images4.fanpop.com/image/photos/19900000/Amazing-painting-random-19915578-1024-768.jpg
CAT,http://images4.fanpop.com/image/photos/17900000/fantasy-animals-random-17904028-700-525.jpg
NOT_CAT,https://i.pinimg.com/originals/09/94/5d/09945d9c57c4c053fbf600ac46f8ccaf.jpg
NOT_CAT,https://www.bing.com/th?id=OIP.Hu-7aGaHXOi8unTqAtB_2AHaFj&pid=Api&w=800&h=600&rs=1&p=0
NOT_CAT,https://rfclipart.com/image2/big/ec-31-8e/seamless-pattern-with-random-dots-dotted-background-Download-Royalty-free-Vector-File-EPS-321823.jpg
NOT_CAT,https://thumbs.dreamstime.com/z/abstract-random-line-background-18778239.jpg
NOT_CAT,https://andreacasalotti.files.wordpress.com/2013/03/tumblr-rain-room-by-random-inter.jpg
NOT_CAT,http://4.bp.blogspot.com/_zvOoh10Ad-0/TPAHlnUobJI/AAAAAAAAATY/gkrJn_LhFhM/w1200-h630-p-k-no-nu/wordle1.jpg
NOT_CAT,https://www.bing.com/th?id=OIP.NyLh0ZJbT80WCsVT6OQuZgHaIj&pid=Api&w=887&h=1024&rs=1&p=0
NOT_CAT,https://i.ytimg.com/vi/MJHCMu1T_sw/hqdefault.jpg
NOT_CAT,http://images6.fanpop.com/image/photos/38400000/Imagine-Dragons-Moon-EDIT-random-wonder-38426633-1019-728.jpg
NOT_CAT,https://thumbs.dreamstime.com/z/random-rubble-stone-wall-background-close-up-image-new-panel-walling-57843044.jpg
NOT_CAT,http://images5.fanpop.com/image/photos/30600000/random-hetalia-stuff-x3-iamawesome7887-30629579-750-574.jpg
NOT_CAT,https://www.bing.com/th?id=OIP.mImxRh_gKpj9UgfNc_EEdAHaFj&pid=Api&w=800&h=600&rs=1&p=0
NOT_CAT,https://i2.kym-cdn.com/photos/images/original/000/568/558/096.jpg
NOT_CAT,http://images5.fanpop.com/image/photos/30600000/more-random-crap-random-30648773-409-720.jpg
NOT_CAT,https://fscl01.fonpit.de/userfiles/6727621/image/2016/HeroS-random/AndroidPIT-feedly-0053.jpg
NOT_CAT,https://www.bing.com/th?id=OIP.TQe5cjS9U5Ad6ybHo4uF_wHaE6&pid=Api&rs=1&p=0
NOT_CAT,http://images5.fanpop.com/image/photos/27600000/Colorful-stuff-random-27682000-500-375.jpg
NOT_CAT,https://www.bing.com/th?id=OIP.ztHzfGCy5msh8mH9TP7_4AHaHS&pid=Api&rs=1&p=0
NOT_CAT,http://images6.fanpop.com/image/photos/36900000/Loading-random-36954930-2560-1440.jpg
NOT_CAT,https://www.bing.com/th?id=OIP.zdlhUbBHKzVPQU_uvfiPQgHaEK&pid=Api&rs=1&p=0
NOT_CAT,http://getwallpapers.com/wallpaper/full/3/1/5/733250-free-random-funny-wallpapers-1920x1080-cell-phone.jpg
NOT_CAT,https://www.bing.com/th?id=OIP.mvcLhEtc3NXwOp5LOsGTcQHaEo&pid=Api&w=1920&h=1200&rs=1&p=0
NOT_CAT,http://images5.fanpop.com/image/photos/27600000/Colorful-stuff-random-27682038-500-375.jpg
NOT_CAT,http://2.bp.blogspot.com/_708_wIdtSh0/S_6CRX-cA4I/AAAAAAAABf4/PgAp07RgaB8/s1600/Colorful+%2845%29.jpg
NOT_CAT,https://img00.deviantart.net/a4c5/i/2010/280/c/d/random_abstract_art_generator_by_jonweekes-d3093be.jpg
NOT_CAT,https://www.bing.com/th?id=OIP.KnbBwXZScifbcBitwnX1UQHaHa&pid=Api&w=1200&h=1200&rs=1&p=0
NOT_CAT,http://images6.fanpop.com/image/photos/32900000/Random-Drawings-thisperson1212-32920644-828-1383.jpg
NOT_CAT,https://i.ytimg.com/vi/O4mvC1mBBO0/maxresdefault.jpg
NOT_CAT,http://quotesideas.com/wp-content/uploads/2015/09/Random-wallpapers-space-stars-background-wallpaper-32823.jpg
NOT_CAT,https://www.rume.co.uk/media/catalog/product/cache/1/image/0dc2d03fe217f8c83829496872af24a0/m/o/moooi-random-light-close-up_1.jpg
NOT_CAT,https://i1.kym-cdn.com/photos/images/original/000/005/613/pedobear3.jpg
NOT_CAT,https://wallpapers-house.com/data/out/10/wallpaper2you_382582.jpg
NOT_CAT,http://www.desktopwallpaperhd.net/wallpapers/4/3/mattrich-wallpaper-random-backgrounds-filter-author-room-smith-40883.jpg
NOT_CAT,http://images2.fanpop.com/image/photos/10200000/Some-Random-Stuff-wumbo-10274256-492-469.jpg
NOT_CAT,https://thumbs.dreamstime.com/z/random-square-multicolor-pattern-24853666.jpg
NOT_CAT,https://www.bing.com/th?id=OIP.2jvEYtnL-m0n8qvo20ighwHaHa&pid=Api&w=909&h=909&rs=1&p=0
NOT_CAT,https://rfclipart.com/image/big/bb-42-ec/random-letters-seamless-pattern-Download-Royalty-free-Vector-File-EPS-219757.jpg
NOT_CAT,https://thumbs.dreamstime.com/z/background-texture-color-wax-crayons-random-pattern-abstract-29035891.jpg
NOT_CAT,http://images6.fanpop.com/image/photos/32900000/Random-Drawings-thisperson1212-32920641-888-920.jpg
CAT,http://images6.fanpop.com/image/photos/35700000/Lion-random-35799282-1796-1796.jpg
NOT_CAT,http://www.zingerbugimages.com/backgrounds/lavender_random_spiral_swirls_background_1800x1600.jpg
NOT_CAT,http://images6.fanpop.com/image/photos/35200000/random-facts-random-35231351-500-350.png
NOT_CAT,https://d2v9y0dukr6mq2.cloudfront.net/video/thumbnail/qAgrZII/videoblocks-abstract-hexagons-background-random-motion-white-color-3d-animation-4k_bmm06qiiz_thumbnail-full01.png
NOT_CAT,http://images2.fanpop.com/image/photos/9500000/happy-face-random-9576699-414-414.jpg
NOT_CAT,http://images5.fanpop.com/image/photos/31000000/facts-about-you-random-31000350-379-500.jpg
NOT_CAT,http://images4.fanpop.com/image/photos/15100000/Random-drawings-D-all-about-mephilesthedark-15122396-640-480.jpg
NOT_CAT,https://i.ytimg.com/vi/qiTLLenc95A/maxresdefault.jpg
NOT_CAT,https://media.istockphoto.com/vectors/random-dots-monochrome-seamless-pattern-vector-id483923096
NOT_CAT,https://thumbs.dreamstime.com/z/random-background-22509320.jpg
NOT_CAT,https://rfclipart.com/image2/big/aa-b8-be/red-lifebuoy-random-seamless-pattern-on-blue-background-Download-Royalty-free-Vector-File-EPS-347065.jpg
NOT_CAT,https://chainimage.com/images/downtown-munich-random-people-photos-random-people-that-got-my-eye.jpg
NOT_CAT,http://images2.fanpop.com/image/photos/11000000/Balto-2-random-balto-characters-11080920-1280-1024.jpg
